{
  "2": {
    "ES": [
      {
        "entropy_x1": 8.072502590958596,
        "entropy_x2": 8.20579599051382,
        "joint_entropy": 5.6758389165813625,
        "mutual_information": 0.48258772610829626,
        "mi_x2_to_x1": 0.47521606561552154,
        "mi_x1_to_x2": 0.48995938660107097,
        "h_x1_given_x2": 0.0,
        "h_x2_given_x1": 0.0,
        "correlation": 0.002288731249105065,
        "mae": 1.1331230335034153,
        "kl_div_1": 0.00016695214397738456,
        "kl_div_2": 0.0007595313316055393,
        "kl_div_total": 0.0009264834755829238,
        "kl_x1_per_dim": 0.00016695214397738456,
        "kl_x2_per_dim": 0.0007595313316055393,
        "kl_sum_per_dim": 0.0009264834755829238,
        "kl_total_over_dims": 0.0018529669511658476,
        "kl_marginals_per_dim_sum": 0.0009264834755829238,
        "kl_div_1_per_dim": 0.00016695214397738456,
        "kl_div_2_per_dim": 0.0007595313316055393,
        "kl_per_dim_sum": 0.0009264834755829238,
        "mu1_learned": 2.0029531490698838,
        "mu2_learned": 10.018316212032593,
        "std1_learned": 1.0073265603401529,
        "std2_learned": 1.0208735763460086,
        "mae_x2_to_x1": 1.1286385119425488,
        "mae_x1_to_x2": 1.1376075550642817,
        "h_theoretical": 2.8378,
        "mutual_information_true_gen_proxy": 0.48258772610829626,
        "mi_gen_gen": 0.48258772610829626,
        "h_independent_joint": 16.278298581472416,
        "dim": 2,
        "mutual_information_per_dim": 0.24129386305414813,
        "epoch": 10,
        "loss": 0.0012785011764597256,
        "obj_base": -0.0012785011764597256,
        "sigma": 0.001,
        "lr": 0.0001,
        "phase": "es"
      },
      {
        "entropy_x1": 8.072204830395052,
        "entropy_x2": 8.20525403627971,
        "joint_entropy": 5.675401226288208,
        "mutual_information": 0.4834843031887426,
        "mi_x2_to_x1": 0.4771012964302561,
        "mi_x1_to_x2": 0.48986730994722905,
        "h_x1_given_x2": 0.0,
        "h_x2_given_x1": 0.0,
        "correlation": 0.002260547794915667,
        "mae": 1.133006054230791,
        "kl_div_1": 0.00016632754293674536,
        "kl_div_2": 0.0007488114899657519,
        "kl_div_total": 0.0009151390329024973,
        "kl_x1_per_dim": 0.00016632754293674536,
        "kl_x2_per_dim": 0.0007488114899657519,
        "kl_sum_per_dim": 0.0009151390329024973,
        "kl_total_over_dims": 0.0018302780658049946,
        "kl_marginals_per_dim_sum": 0.0009151390329024973,
        "kl_div_1_per_dim": 0.00016632754293674536,
        "kl_div_2_per_dim": 0.0007488114899657519,
        "kl_per_dim_sum": 0.0009151390329024973,
        "mu1_learned": 2.0034099750544145,
        "mu2_learned": 10.018297784000762,
        "std1_learned": 1.0070968801529663,
        "std2_learned": 1.0206575368831468,
        "mae_x2_to_x1": 1.128529287420045,
        "mae_x1_to_x2": 1.137482821041537,
        "h_theoretical": 2.8378,
        "mutual_information_true_gen_proxy": 0.4834843031887426,
        "mi_gen_gen": 0.4834843031887426,
        "h_independent_joint": 16.277458866674763,
        "dim": 2,
        "mutual_information_per_dim": 0.2417421515943713,
        "epoch": 10,
        "loss": 0.001276732901248184,
        "obj_base": -0.001276732901248184,
        "sigma": 0.001,
        "lr": 0.0002,
        "phase": "es"
      }
    ],
    "PPO": []
  },
  "5": {
    "ES": [
      {
        "entropy_x1": 19.974599699774394,
        "entropy_x2": 20.483964169018186,
        "joint_entropy": 14.11078352959934,
        "mutual_information": 0.4860774594545313,
        "mi_x2_to_x1": 0.46929620465240357,
        "mi_x1_to_x2": 0.502858714256659,
        "h_x1_given_x2": 0.0,
        "h_x2_given_x1": 0.0,
        "correlation": 0.007615211970976208,
        "mae": 1.1158372860978614,
        "kl_div_1": 0.0010702589321461668,
        "kl_div_2": 0.00021124066591432072,
        "kl_div_total": 0.0012814995980604876,
        "kl_x1_per_dim": 0.0010702589321461668,
        "kl_x2_per_dim": 0.00021124066591432072,
        "kl_sum_per_dim": 0.0012814995980604876,
        "kl_total_over_dims": 0.006407497990302438,
        "kl_marginals_per_dim_sum": 0.0012814995980604876,
        "kl_div_1_per_dim": 0.0010702589321461668,
        "kl_div_2_per_dim": 0.00021124066591432072,
        "kl_per_dim_sum": 0.0012814995980604876,
        "mu1_learned": 2.007933026224643,
        "mu2_learned": 9.99790934739086,
        "std1_learned": 0.9979467978632867,
        "std2_learned": 0.9938703782684915,
        "mae_x2_to_x1": 1.1184922151754255,
        "mae_x1_to_x2": 1.113182357020297,
        "h_theoretical": 7.0945,
        "mutual_information_true_gen_proxy": 0.4860774594545313,
        "mi_gen_gen": 0.4860774594545313,
        "h_independent_joint": 40.45856386879258,
        "dim": 5,
        "mutual_information_per_dim": 0.09721549189090625,
        "epoch": 10,
        "loss": 0.001511230629975053,
        "obj_base": -0.001511230629975053,
        "sigma": 0.001,
        "lr": 0.0001,
        "phase": "es"
      },
      {
        "entropy_x1": 19.973153217878682,
        "entropy_x2": 20.48337236619517,
        "joint_entropy": 14.109113148938722,
        "mutual_information": 0.48613202696371616,
        "mi_x2_to_x1": 0.4688175640560816,
        "mi_x1_to_x2": 0.5034464898713507,
        "h_x1_given_x2": 0.0,
        "h_x2_given_x1": 0.0,
        "correlation": 0.007601881065624203,
        "mae": 1.1156224526550624,
        "kl_div_1": 0.001039129379628563,
        "kl_div_2": 0.000210188903170991,
        "kl_div_total": 0.0012493182827995539,
        "kl_x1_per_dim": 0.001039129379628563,
        "kl_x2_per_dim": 0.000210188903170991,
        "kl_sum_per_dim": 0.0012493182827995539,
        "kl_total_over_dims": 0.006246591413997769,
        "kl_marginals_per_dim_sum": 0.0012493182827995539,
        "kl_div_1_per_dim": 0.001039129379628563,
        "kl_div_2_per_dim": 0.000210188903170991,
        "kl_per_dim_sum": 0.0012493182827995539,
        "mu1_learned": 2.007283913463289,
        "mu2_learned": 9.998057907260334,
        "std1_learned": 0.9972111929361022,
        "std2_learned": 0.9939330310580232,
        "mae_x2_to_x1": 1.1180577895823998,
        "mae_x1_to_x2": 1.113187115727725,
        "h_theoretical": 7.0945,
        "mutual_information_true_gen_proxy": 0.48613202696371616,
        "mi_gen_gen": 0.48613202696371616,
        "h_independent_joint": 40.45652558407385,
        "dim": 5,
        "mutual_information_per_dim": 0.09722640539274323,
        "epoch": 10,
        "loss": 0.001510135534227089,
        "obj_base": -0.001510135534227089,
        "sigma": 0.001,
        "lr": 0.0002,
        "phase": "es"
      }
    ],
    "PPO": []
  },
  "10": {
    "ES": [
      {
        "entropy_x1": 40.0230001068415,
        "entropy_x2": 40.27267388664992,
        "joint_entropy": 28.24457620004589,
        "mutual_information": 0.46692201489233476,
        "mi_x2_to_x1": 0.46347156145630974,
        "mi_x1_to_x2": 0.4703724683283597,
        "h_x1_given_x2": 0.0,
        "h_x2_given_x1": 0.0,
        "correlation": -0.0006966342487514509,
        "mae": 1.1216305938270916,
        "kl_div_1": 0.0005584963358730971,
        "kl_div_2": 0.0006061196392712914,
        "kl_div_total": 0.0011646159751443886,
        "kl_x1_per_dim": 0.0005584963358730971,
        "kl_x2_per_dim": 0.0006061196392712914,
        "kl_sum_per_dim": 0.0011646159751443886,
        "kl_total_over_dims": 0.011646159751443886,
        "kl_marginals_per_dim_sum": 0.0011646159751443886,
        "kl_div_1_per_dim": 0.0005584963358730971,
        "kl_div_2_per_dim": 0.0006061196392712914,
        "kl_per_dim_sum": 0.0011646159751443886,
        "mu1_learned": 2.0087237176686794,
        "mu2_learned": 9.99712780788646,
        "std1_learned": 0.9900041537559721,
        "std2_learned": 1.0001973358193847,
        "mae_x2_to_x1": 1.1197223831096996,
        "mae_x1_to_x2": 1.1235388045444836,